repo,event_id,event_type,user,created_at
facebook/react,40833824096,IssueCommentEvent,rnnc,2024-08-07 18:11:12+00:00
facebook/react,40833502043,IssueCommentEvent,hesxenon,2024-08-07 17:59:34+00:00
facebook/react,40832478694,WatchEvent,jonatan-lagland,2024-08-07 17:22:09+00:00
facebook/react,40831060543,WatchEvent,ismail-debbarh-codingart,2024-08-07 16:31:05+00:00
facebook/react,40830858015,WatchEvent,231tr0n,2024-08-07 16:24:12+00:00
facebook/react,40830710306,ForkEvent,2103A51526,2024-08-07 16:19:11+00:00
facebook/react,40830655124,WatchEvent,elmur0d11,2024-08-07 16:17:17+00:00
facebook/react,40830491690,IssueCommentEvent,guillaumebrunerie,2024-08-07 16:11:41+00:00
facebook/react,40830488979,WatchEvent,HuangxiaohaoHoward,2024-08-07 16:11:35+00:00
facebook/react,40830457546,IssueCommentEvent,surenpoghosian,2024-08-07 16:10:32+00:00
facebook/react,40830348936,WatchEvent,Marvinkwame,2024-08-07 16:06:54+00:00
facebook/react,40830182589,PullRequestReviewEvent,jackpope,2024-08-07 16:01:28+00:00
facebook/react,40830115324,ForkEvent,Luanagithub,2024-08-07 15:59:24+00:00
facebook/react,40829982226,PullRequestReviewEvent,gsathya,2024-08-07 15:55:05+00:00
facebook/react,40829982339,PullRequestReviewCommentEvent,gsathya,2024-08-07 15:55:04+00:00
facebook/react,40829962830,CreateEvent,gsathya,2024-08-07 15:54:27+00:00
facebook/react,40829962165,IssueCommentEvent,vercel[bot],2024-08-07 15:54:25+00:00
facebook/react,40829961466,PullRequestEvent,gsathya,2024-08-07 15:54:24+00:00
facebook/react,40829960255,CreateEvent,gsathya,2024-08-07 15:54:22+00:00
facebook/react,40829960230,CreateEvent,gsathya,2024-08-07 15:54:22+00:00
facebook/react,40829878362,WatchEvent,Guakocius,2024-08-07 15:51:47+00:00
facebook/react,40829186476,DeleteEvent,gsathya,2024-08-07 15:30:18+00:00
facebook/react,40829186477,DeleteEvent,gsathya,2024-08-07 15:30:18+00:00
facebook/react,40829186560,DeleteEvent,gsathya,2024-08-07 15:30:18+00:00
facebook/react,40829185636,PushEvent,gsathya,2024-08-07 15:30:16+00:00
facebook/react,40829185319,PullRequestEvent,gsathya,2024-08-07 15:30:16+00:00
facebook/react,40829184384,PushEvent,gsathya,2024-08-07 15:30:14+00:00
facebook/react,40829131014,ForkEvent,fkatada,2024-08-07 15:28:39+00:00
facebook/react,40828203619,WatchEvent,piratesofprogrammer,2024-08-07 15:02:18+00:00
facebook/react,40828072475,ForkEvent,denispan,2024-08-07 14:58:47+00:00
facebook/react,40827957782,PushEvent,gsathya,2024-08-07 14:55:37+00:00
facebook/react,40827957663,PushEvent,gsathya,2024-08-07 14:55:36+00:00
facebook/react,40827956699,PushEvent,gsathya,2024-08-07 14:55:35+00:00
facebook/react,40827956859,PushEvent,gsathya,2024-08-07 14:55:35+00:00
facebook/react,40827955894,PushEvent,gsathya,2024-08-07 14:55:34+00:00
facebook/react,40827955734,PushEvent,gsathya,2024-08-07 14:55:33+00:00
facebook/react,40827859635,PullRequestReviewEvent,gsathya,2024-08-07 14:52:57+00:00
facebook/react,40827859752,PullRequestReviewCommentEvent,gsathya,2024-08-07 14:52:56+00:00
facebook/react,40827757340,IssueCommentEvent,SimpleCookie,2024-08-07 14:50:09+00:00
facebook/react,40827745277,WatchEvent,atmutu,2024-08-07 14:49:50+00:00
facebook/react,40827722510,PullRequestReviewEvent,gsathya,2024-08-07 14:49:12+00:00
facebook/react,40827722659,PullRequestReviewCommentEvent,gsathya,2024-08-07 14:49:11+00:00
facebook/react,40827648146,IssueCommentEvent,gsathya,2024-08-07 14:47:11+00:00
facebook/react,40827594914,PullRequestReviewEvent,kassens,2024-08-07 14:45:44+00:00
facebook/react,40827594996,PullRequestReviewCommentEvent,kassens,2024-08-07 14:45:02+00:00
facebook/react,40827389916,IssueCommentEvent,dd-jonas,2024-08-07 14:40:11+00:00
facebook/react,40826718277,WatchEvent,shomrkm,2024-08-07 14:22:20+00:00
facebook/react,40826260943,WatchEvent,pzzyf,2024-08-07 14:10:13+00:00
facebook/react,40825878699,WatchEvent,cnaples79,2024-08-07 14:00:12+00:00
facebook/react,40825684564,IssueCommentEvent,arthur-mountain,2024-08-07 13:55:03+00:00
facebook/react,40825342217,WatchEvent,kira23j,2024-08-07 13:45:59+00:00
facebook/react,40824938907,WatchEvent,Larkiz,2024-08-07 13:35:00+00:00
facebook/react,40824878540,ForkEvent,xieh-git,2024-08-07 13:33:19+00:00
facebook/react,40824875955,WatchEvent,xieh-git,2024-08-07 13:33:15+00:00
facebook/react,40823912839,IssuesEvent,github-actions[bot],2024-08-07 13:07:12+00:00
facebook/react,40823912798,IssueCommentEvent,github-actions[bot],2024-08-07 13:07:11+00:00
facebook/react,40823744653,WatchEvent,Olamidipupo-favour,2024-08-07 13:02:32+00:00
facebook/react,40823293045,ForkEvent,RomeoIndiaJulietUniform,2024-08-07 12:50:31+00:00
facebook/react,40823191263,WatchEvent,hanqiancn,2024-08-07 12:47:51+00:00
facebook/react,40823012395,WatchEvent,QuantumChemist,2024-08-07 12:42:40+00:00
facebook/react,40822683613,IssueCommentEvent,varemenos,2024-08-07 12:33:05+00:00
facebook/react,40822330295,ForkEvent,dualway,2024-08-07 12:22:58+00:00
facebook/react,40822266349,IssuesEvent,saul-atomrigs,2024-08-07 12:21:05+00:00
facebook/react,40820808632,WatchEvent,kangkangovo2333,2024-08-07 11:34:27+00:00
facebook/react,40820803618,WatchEvent,Kgnx7,2024-08-07 11:34:17+00:00
facebook/react,40820551861,WatchEvent,happer64bit,2024-08-07 11:25:53+00:00
facebook/react,40820346105,WatchEvent,v-X1o,2024-08-07 11:19:00+00:00
facebook/react,40819539654,ForkEvent,neha95IT,2024-08-07 10:52:26+00:00
facebook/react,40819471387,WatchEvent,titoffag,2024-08-07 10:50:11+00:00
facebook/react,40819113868,ForkEvent,fengjinlovewei,2024-08-07 10:38:17+00:00
facebook/react,40818798624,IssueCommentEvent,jeetshah47,2024-08-07 10:28:10+00:00
facebook/react,40818470474,WatchEvent,Walkmana-25,2024-08-07 10:18:10+00:00
facebook/react,40817538801,WatchEvent,vladi-devv,2024-08-07 09:49:59+00:00
facebook/react,40816629688,WatchEvent,Haitony,2024-08-07 09:23:04+00:00
facebook/react,40815326425,WatchEvent,lingwu88,2024-08-07 08:45:03+00:00
facebook/react,40814526683,WatchEvent,bmribeiro,2024-08-07 08:20:59+00:00
facebook/react,40814438516,WatchEvent,Alignist,2024-08-07 08:18:22+00:00
facebook/react,40813801345,IssueCommentEvent,OliverJAsh,2024-08-07 07:58:34+00:00
facebook/react,40813460841,WatchEvent,alexkumar123,2024-08-07 07:47:42+00:00
facebook/react,40813081622,DeleteEvent,mvitousek,2024-08-07 07:35:03+00:00
facebook/react,40813081650,DeleteEvent,mvitousek,2024-08-07 07:35:03+00:00
facebook/react,40813081542,DeleteEvent,mvitousek,2024-08-07 07:35:03+00:00
facebook/react,40813080533,PushEvent,mvitousek,2024-08-07 07:35:01+00:00
facebook/react,40813079799,PullRequestEvent,mvitousek,2024-08-07 07:35:00+00:00
facebook/react,40813079163,PushEvent,mvitousek,2024-08-07 07:34:59+00:00
facebook/react,40813064565,WatchEvent,j4ln,2024-08-07 07:34:29+00:00
facebook/react,40812905067,ForkEvent,indev6,2024-08-07 07:29:09+00:00
facebook/react,40812201247,IssueCommentEvent,github-actions[bot],2024-08-07 07:04:49+00:00
facebook/react,40812201172,IssuesEvent,github-actions[bot],2024-08-07 07:04:49+00:00
facebook/react,40812119978,WatchEvent,0xhomelander0,2024-08-07 07:01:54+00:00
facebook/react,40812094188,WatchEvent,amaldoror,2024-08-07 07:01:00+00:00
facebook/react,40811883912,WatchEvent,lalit180593,2024-08-07 06:53:12+00:00
facebook/react,40811827925,WatchEvent,zonterone,2024-08-07 06:51:05+00:00
facebook/react,40811727273,PushEvent,mvitousek,2024-08-07 06:47:17+00:00
facebook/react,40811726325,PushEvent,mvitousek,2024-08-07 06:47:15+00:00
facebook/react,40810889653,ForkEvent,Sujan9892,2024-08-07 06:13:37+00:00
facebook/react,40810709599,WatchEvent,pixelbracket,2024-08-07 06:05:46+00:00
facebook/react,40810490623,ForkEvent,coderdddd,2024-08-07 05:55:25+00:00
facebook/react,40810489725,WatchEvent,coderdddd,2024-08-07 05:55:23+00:00
facebook/react,40809989530,WatchEvent,HaraldAb,2024-08-07 05:29:21+00:00
facebook/react,40809648886,WatchEvent,wani-ham,2024-08-07 05:11:44+00:00
facebook/react,40809604281,ForkEvent,abakiki,2024-08-07 05:09:11+00:00
facebook/react,40809602983,WatchEvent,abakiki,2024-08-07 05:09:07+00:00
facebook/react,40809231270,WatchEvent,Vuesoftio,2024-08-07 04:47:13+00:00
facebook/react,40809192673,IssueCommentEvent,eu-ge-ne,2024-08-07 04:44:51+00:00
facebook/react,40809051531,WatchEvent,Maldrotic,2024-08-07 04:36:06+00:00
facebook/react,40808987343,WatchEvent,jEdison132,2024-08-07 04:32:29+00:00
facebook/react,40808649750,ForkEvent,mccarthyaaron,2024-08-07 04:10:32+00:00
facebook/react,40808306206,WatchEvent,toadmilk,2024-08-07 03:46:58+00:00
facebook/react,40808249165,IssueCommentEvent,DaphnisLi,2024-08-07 03:42:56+00:00
facebook/react,40808248799,IssueCommentEvent,DaphnisLi,2024-08-07 03:42:55+00:00
facebook/react,40808245285,IssueCommentEvent,DaphnisLi,2024-08-07 03:42:40+00:00
facebook/react,40808219860,IssueCommentEvent,DaphnisLi,2024-08-07 03:40:53+00:00
facebook/react,40808193102,IssueCommentEvent,Ang-YC,2024-08-07 03:39:03+00:00
facebook/react,40808174949,IssueCommentEvent,DaphnisLi,2024-08-07 03:37:45+00:00
facebook/react,40808007479,PullRequestReviewEvent,sebmarkbage,2024-08-07 03:26:48+00:00
facebook/react,40808007509,PullRequestReviewCommentEvent,sebmarkbage,2024-08-07 03:26:47+00:00
facebook/react,40807985304,IssueCommentEvent,vercel[bot],2024-08-07 03:25:20+00:00
facebook/react,40807984232,PullRequestEvent,sebmarkbage,2024-08-07 03:25:16+00:00
facebook/react,40807945481,WatchEvent,vadim1kiskend,2024-08-07 03:22:41+00:00
facebook/react,40807903294,WatchEvent,ygnice888,2024-08-07 03:19:53+00:00
facebook/react,40807697801,WatchEvent,lhj5924,2024-08-07 03:06:19+00:00
facebook/react,40807684969,PullRequestReviewEvent,josephsavona,2024-08-07 03:05:27+00:00
facebook/react,40807604972,IssuesEvent,DaphnisLi,2024-08-07 03:00:15+00:00
facebook/react,40807549662,IssuesEvent,DaphnisLi,2024-08-07 02:56:28+00:00
facebook/react,40807446897,ForkEvent,adureg,2024-08-07 02:49:42+00:00
facebook/react,40807434905,ForkEvent,ph931218,2024-08-07 02:48:52+00:00
facebook/react,40807424883,CreateEvent,mvitousek,2024-08-07 02:48:10+00:00
facebook/react,40807424530,IssueCommentEvent,vercel[bot],2024-08-07 02:48:08+00:00
facebook/react,40807424135,PullRequestEvent,mvitousek,2024-08-07 02:48:07+00:00
facebook/react,40807423776,CreateEvent,mvitousek,2024-08-07 02:48:05+00:00
facebook/react,40807423768,CreateEvent,mvitousek,2024-08-07 02:48:05+00:00
facebook/react,40807384963,IssuesEvent,steinybot,2024-08-07 02:45:27+00:00
facebook/react,40807315330,ForkEvent,Ankics,2024-08-07 02:40:35+00:00
facebook/react,40807314447,WatchEvent,Ankics,2024-08-07 02:40:31+00:00
facebook/react,40807178232,ForkEvent,Alicecje,2024-08-07 02:31:24+00:00
facebook/react,40807175861,WatchEvent,Alicecje,2024-08-07 02:31:15+00:00
facebook/react,40807058815,IssueCommentEvent,Piotr-Kniaz,2024-08-07 02:23:20+00:00
facebook/react,40806660087,PullRequestEvent,saul-atomrigs,2024-08-07 01:58:45+00:00
facebook/react,40806273893,WatchEvent,rohit-saluja,2024-08-07 01:33:25+00:00
facebook/react,40806000295,WatchEvent,LeoJiang1997,2024-08-07 01:14:58+00:00
facebook/react,40805533742,ForkEvent,vtoraja-live,2024-08-07 00:43:37+00:00
facebook/react,40805210819,ForkEvent,lagoonlu,2024-08-07 00:21:56+00:00
facebook/react,40804867748,WatchEvent,suh1z,2024-08-06 23:58:50+00:00
facebook/react,40804844501,WatchEvent,CHANACHAIAIMJAI,2024-08-06 23:57:06+00:00
facebook/react,40804275884,IssueCommentEvent,controversial,2024-08-06 23:16:39+00:00
facebook/react,40804021474,WatchEvent,prince272,2024-08-06 23:00:04+00:00
facebook/react,40803921258,WatchEvent,elliotcw,2024-08-06 22:53:22+00:00
facebook/react,40803546474,ForkEvent,Technikum-nr-5-w-Lomzy,2024-08-06 22:29:38+00:00
facebook/react,40803011476,WatchEvent,lenarmathias,2024-08-06 22:00:50+00:00
facebook/react,40802902373,PullRequestReviewEvent,josephsavona,2024-08-06 21:54:59+00:00
facebook/react,40802801328,WatchEvent,LuisVS2003,2024-08-06 21:49:53+00:00
facebook/react,40802767492,WatchEvent,Guddi8,2024-08-06 21:48:07+00:00
facebook/react,40802707630,WatchEvent,joaolucasleal,2024-08-06 21:45:06+00:00
facebook/react,40802357259,DeleteEvent,poteto,2024-08-06 21:27:32+00:00
facebook/react,40802357228,DeleteEvent,poteto,2024-08-06 21:27:32+00:00
facebook/react,40802357226,DeleteEvent,poteto,2024-08-06 21:27:32+00:00
facebook/react,40802356981,PullRequestEvent,poteto,2024-08-06 21:27:31+00:00
facebook/react,40802356829,PushEvent,poteto,2024-08-06 21:27:31+00:00
facebook/react,40802356440,PushEvent,poteto,2024-08-06 21:27:30+00:00
facebook/react,40802181218,WatchEvent,Buku92,2024-08-06 21:19:06+00:00
facebook/react,40802113777,PushEvent,poteto,2024-08-06 21:16:00+00:00
facebook/react,40802113354,PushEvent,poteto,2024-08-06 21:15:59+00:00
facebook/react,40802098580,IssueCommentEvent,vercel[bot],2024-08-06 21:15:20+00:00
facebook/react,40802098150,CreateEvent,poteto,2024-08-06 21:15:19+00:00
facebook/react,40802097792,PullRequestEvent,poteto,2024-08-06 21:15:18+00:00
facebook/react,40802097289,CreateEvent,poteto,2024-08-06 21:15:17+00:00
facebook/react,40802097233,CreateEvent,poteto,2024-08-06 21:15:17+00:00
facebook/react,40802053792,IssueCommentEvent,eps1lon,2024-08-06 21:13:19+00:00
facebook/react,40801577610,WatchEvent,Gallactica,2024-08-06 20:53:13+00:00
facebook/react,40801335773,IssueCommentEvent,elliottAtTreatment,2024-08-06 20:43:17+00:00
facebook/react,40801058873,ForkEvent,nikhilvalavala,2024-08-06 20:32:00+00:00
facebook/react,40800920880,WatchEvent,manoel-lopes,2024-08-06 20:26:24+00:00
facebook/react,40800888720,ForkEvent,mdeclercq-gg-qa,2024-08-06 20:25:07+00:00
facebook/react,40800761333,WatchEvent,Akamhiwa,2024-08-06 20:19:57+00:00
facebook/react,40800401978,IssueCommentEvent,GrantGryczan,2024-08-06 20:05:20+00:00
facebook/react,40800203092,IssueCommentEvent,controversial,2024-08-06 19:57:35+00:00
facebook/react,40799952161,WatchEvent,PracticeOfCharlie,2024-08-06 19:47:37+00:00
facebook/react,40799654978,DeleteEvent,poteto,2024-08-06 19:35:42+00:00
facebook/react,40799655014,DeleteEvent,poteto,2024-08-06 19:35:42+00:00
facebook/react,40799654967,DeleteEvent,poteto,2024-08-06 19:35:42+00:00
facebook/react,40799654685,PushEvent,poteto,2024-08-06 19:35:41+00:00
facebook/react,40799654635,PullRequestEvent,poteto,2024-08-06 19:35:41+00:00
facebook/react,40799654220,PushEvent,poteto,2024-08-06 19:35:40+00:00
facebook/react,40799631642,WatchEvent,kijuchihe,2024-08-06 19:34:46+00:00
facebook/react,40799532570,IssueCommentEvent,vercel[bot],2024-08-06 19:30:50+00:00
facebook/react,40799532444,CreateEvent,poteto,2024-08-06 19:30:49+00:00
facebook/react,40799532021,PullRequestEvent,poteto,2024-08-06 19:30:48+00:00
facebook/react,40799531367,CreateEvent,poteto,2024-08-06 19:30:47+00:00
facebook/react,40799531363,CreateEvent,poteto,2024-08-06 19:30:47+00:00
facebook/react,40799497678,WatchEvent,CristhianF7,2024-08-06 19:29:27+00:00
facebook/react,40799053698,DeleteEvent,poteto,2024-08-06 19:12:08+00:00
facebook/react,40799053699,DeleteEvent,poteto,2024-08-06 19:12:08+00:00
facebook/react,40799053705,DeleteEvent,poteto,2024-08-06 19:12:08+00:00
facebook/react,40799053093,PullRequestEvent,poteto,2024-08-06 19:12:07+00:00
facebook/react,40799053151,PushEvent,poteto,2024-08-06 19:12:07+00:00
facebook/react,40799052680,PushEvent,poteto,2024-08-06 19:12:06+00:00
facebook/react,40799044632,IssueCommentEvent,react-sizebot,2024-08-06 19:11:48+00:00
facebook/react,40798854832,IssueCommentEvent,vercel[bot],2024-08-06 19:04:33+00:00
facebook/react,40798854469,CreateEvent,poteto,2024-08-06 19:04:32+00:00
facebook/react,40798854178,PullRequestEvent,poteto,2024-08-06 19:04:32+00:00
facebook/react,40798853373,CreateEvent,poteto,2024-08-06 19:04:30+00:00
facebook/react,40798853509,CreateEvent,poteto,2024-08-06 19:04:30+00:00
facebook/react,40798814205,DeleteEvent,josephsavona,2024-08-06 19:03:00+00:00
facebook/react,40798814168,DeleteEvent,josephsavona,2024-08-06 19:03:00+00:00
facebook/react,40798814200,DeleteEvent,josephsavona,2024-08-06 19:03:00+00:00
facebook/react,40798813483,DeleteEvent,josephsavona,2024-08-06 19:02:58+00:00
facebook/react,40798813397,DeleteEvent,josephsavona,2024-08-06 19:02:58+00:00
facebook/react,40798813469,DeleteEvent,josephsavona,2024-08-06 19:02:58+00:00
facebook/react,40798812662,PushEvent,josephsavona,2024-08-06 19:02:57+00:00
facebook/react,40798812255,PullRequestEvent,josephsavona,2024-08-06 19:02:56+00:00
facebook/react,40798811830,PushEvent,josephsavona,2024-08-06 19:02:55+00:00
facebook/react,40798811486,PullRequestEvent,josephsavona,2024-08-06 19:02:54+00:00
facebook/react,40798810935,PushEvent,josephsavona,2024-08-06 19:02:53+00:00
facebook/react,40798800797,IssueCommentEvent,josephsavona,2024-08-06 19:02:31+00:00
facebook/react,40798712730,DeleteEvent,poteto,2024-08-06 18:59:25+00:00
facebook/react,40798712698,DeleteEvent,poteto,2024-08-06 18:59:25+00:00
facebook/react,40798712697,DeleteEvent,poteto,2024-08-06 18:59:25+00:00
facebook/react,40798712487,PushEvent,poteto,2024-08-06 18:59:25+00:00
facebook/react,40798711588,PullRequestEvent,poteto,2024-08-06 18:59:23+00:00
facebook/react,40798711165,PushEvent,poteto,2024-08-06 18:59:22+00:00
facebook/react,40798575553,CreateEvent,poteto,2024-08-06 18:53:03+00:00
facebook/react,40798575762,IssueCommentEvent,vercel[bot],2024-08-06 18:53:03+00:00
facebook/react,40798575102,PullRequestEvent,poteto,2024-08-06 18:53:02+00:00
facebook/react,40798574489,CreateEvent,poteto,2024-08-06 18:53:00+00:00
facebook/react,40798574525,CreateEvent,poteto,2024-08-06 18:53:00+00:00
facebook/react,40798469274,DeleteEvent,poteto,2024-08-06 18:48:45+00:00
facebook/react,40798469297,DeleteEvent,poteto,2024-08-06 18:48:45+00:00
facebook/react,40798469266,DeleteEvent,poteto,2024-08-06 18:48:45+00:00
facebook/react,40798468563,DeleteEvent,poteto,2024-08-06 18:48:44+00:00
facebook/react,40798468504,DeleteEvent,poteto,2024-08-06 18:48:43+00:00
facebook/react,40798468506,DeleteEvent,poteto,2024-08-06 18:48:43+00:00
facebook/react,40798468039,DeleteEvent,poteto,2024-08-06 18:48:42+00:00
facebook/react,40798468054,DeleteEvent,poteto,2024-08-06 18:48:42+00:00
facebook/react,40798468007,DeleteEvent,poteto,2024-08-06 18:48:42+00:00
facebook/react,40798467337,DeleteEvent,poteto,2024-08-06 18:48:41+00:00
facebook/react,40798467328,DeleteEvent,poteto,2024-08-06 18:48:41+00:00
facebook/react,40798467378,DeleteEvent,poteto,2024-08-06 18:48:41+00:00
facebook/react,40798466771,PushEvent,poteto,2024-08-06 18:48:40+00:00
facebook/react,40798466491,PullRequestEvent,poteto,2024-08-06 18:48:39+00:00
facebook/react,40798466110,PushEvent,poteto,2024-08-06 18:48:39+00:00
facebook/react,40798466126,PullRequestEvent,poteto,2024-08-06 18:48:39+00:00
facebook/react,40798465685,PushEvent,poteto,2024-08-06 18:48:38+00:00
facebook/react,40798465817,PullRequestEvent,poteto,2024-08-06 18:48:38+00:00
facebook/react,40798465215,PushEvent,poteto,2024-08-06 18:48:37+00:00
facebook/react,40798465376,PullRequestEvent,poteto,2024-08-06 18:48:37+00:00
facebook/react,40798464799,PushEvent,poteto,2024-08-06 18:48:36+00:00
facebook/react,40798460289,IssueCommentEvent,OliverJAsh,2024-08-06 18:48:25+00:00
facebook/react,40798325232,PushEvent,poteto,2024-08-06 18:43:12+00:00
facebook/react,40798325013,PullRequestEvent,poteto,2024-08-06 18:43:11+00:00
facebook/react,40798317009,IssueCommentEvent,poteto,2024-08-06 18:42:53+00:00
facebook/react,40798292484,PullRequestReviewEvent,josephsavona,2024-08-06 18:41:57+00:00
facebook/react,40798282990,CreateEvent,poteto,2024-08-06 18:41:36+00:00
facebook/react,40798283146,PushEvent,poteto,2024-08-06 18:41:36+00:00
facebook/react,40798283197,PushEvent,poteto,2024-08-06 18:41:36+00:00
facebook/react,40798283088,PushEvent,poteto,2024-08-06 18:41:36+00:00
facebook/react,40798282564,PushEvent,poteto,2024-08-06 18:41:35+00:00
facebook/react,40798282492,PushEvent,poteto,2024-08-06 18:41:35+00:00
facebook/react,40798282428,PushEvent,poteto,2024-08-06 18:41:34+00:00
facebook/react,40798281826,PushEvent,poteto,2024-08-06 18:41:33+00:00
facebook/react,40798281892,PushEvent,poteto,2024-08-06 18:41:33+00:00
facebook/react,40798281763,PushEvent,poteto,2024-08-06 18:41:33+00:00
facebook/react,40798280414,IssueCommentEvent,vercel[bot],2024-08-06 18:41:30+00:00
facebook/react,40798278667,PullRequestEvent,poteto,2024-08-06 18:41:26+00:00
facebook/react,40798276880,CreateEvent,poteto,2024-08-06 18:41:21+00:00
facebook/react,40798276839,CreateEvent,poteto,2024-08-06 18:41:21+00:00
facebook/react,40798154101,IssueCommentEvent,react-sizebot,2024-08-06 18:36:36+00:00
facebook/react,40798127476,IssueCommentEvent,react-sizebot,2024-08-06 18:35:35+00:00
datamole-ai/edvart,40669278704,WatchEvent,peterperzo,2024-08-01 17:05:28+00:00
freeCodeCamp/freeCodeCamp,40834578416,WatchEvent,Sandanu06,2024-08-07 18:39:00+00:00
freeCodeCamp/freeCodeCamp,40834525884,IssueCommentEvent,camper-chan[bot],2024-08-07 18:36:58+00:00
freeCodeCamp/freeCodeCamp,40834525922,PullRequestEvent,camper-chan[bot],2024-08-07 18:36:58+00:00
freeCodeCamp/freeCodeCamp,40834430586,PullRequestReviewEvent,moT01,2024-08-07 18:33:20+00:00
freeCodeCamp/freeCodeCamp,40833928592,PullRequestEvent,harshitadubey1203,2024-08-07 18:14:57+00:00
freeCodeCamp/freeCodeCamp,40833881971,WatchEvent,rowenye,2024-08-07 18:13:15+00:00
freeCodeCamp/freeCodeCamp,40833791054,WatchEvent,How-to-say,2024-08-07 18:10:01+00:00
freeCodeCamp/freeCodeCamp,40833754311,WatchEvent,Seif-Elkateb,2024-08-07 18:08:42+00:00
freeCodeCamp/freeCodeCamp,40833481620,WatchEvent,laiqs7699,2024-08-07 17:58:48+00:00
freeCodeCamp/freeCodeCamp,40833464469,WatchEvent,mhironi,2024-08-07 17:58:09+00:00
freeCodeCamp/freeCodeCamp,40833177705,WatchEvent,diexdiersh,2024-08-07 17:47:25+00:00
freeCodeCamp/freeCodeCamp,40833121782,WatchEvent,cutehubba,2024-08-07 17:45:21+00:00
freeCodeCamp/freeCodeCamp,40833010251,WatchEvent,dongchenyu163,2024-08-07 17:41:08+00:00
freeCodeCamp/freeCodeCamp,40832961406,ForkEvent,Ahmed-Abo-Rafat,2024-08-07 17:39:20+00:00
freeCodeCamp/freeCodeCamp,40832870286,WatchEvent,SKY2580,2024-08-07 17:35:58+00:00
freeCodeCamp/freeCodeCamp,40832779276,WatchEvent,Lmorenhhh,2024-08-07 17:32:34+00:00
freeCodeCamp/freeCodeCamp,40832687619,PullRequestReviewEvent,Ksound22,2024-08-07 17:29:17+00:00
freeCodeCamp/freeCodeCamp,40832680998,WatchEvent,yanggona,2024-08-07 17:29:03+00:00
freeCodeCamp/freeCodeCamp,40832658106,PullRequestReviewEvent,Ksound22,2024-08-07 17:28:13+00:00
freeCodeCamp/freeCodeCamp,40832658164,PullRequestReviewCommentEvent,Ksound22,2024-08-07 17:28:12+00:00
freeCodeCamp/freeCodeCamp,40832365350,PullRequestReviewEvent,Ksound22,2024-08-07 17:18:07+00:00
freeCodeCamp/freeCodeCamp,40832365456,PullRequestReviewCommentEvent,Ksound22,2024-08-07 17:18:06+00:00
freeCodeCamp/freeCodeCamp,40832181457,WatchEvent,passion2021,2024-08-07 17:11:17+00:00
freeCodeCamp/freeCodeCamp,40832011838,WatchEvent,shah10v,2024-08-07 17:05:13+00:00
freeCodeCamp/freeCodeCamp,40832006617,WatchEvent,okla8747,2024-08-07 17:05:02+00:00
freeCodeCamp/freeCodeCamp,40832001403,PullRequestReviewEvent,Ksound22,2024-08-07 17:04:51+00:00
freeCodeCamp/freeCodeCamp,40832001520,PullRequestReviewCommentEvent,Ksound22,2024-08-07 17:04:50+00:00
freeCodeCamp/freeCodeCamp,40831920595,PullRequestReviewEvent,Ksound22,2024-08-07 17:01:59+00:00
freeCodeCamp/freeCodeCamp,40831920656,PullRequestReviewCommentEvent,Ksound22,2024-08-07 17:01:57+00:00
freeCodeCamp/freeCodeCamp,40831653181,PullRequestReviewEvent,Ksound22,2024-08-07 16:52:30+00:00
freeCodeCamp/freeCodeCamp,40831653271,PullRequestReviewCommentEvent,Ksound22,2024-08-07 16:52:28+00:00
freeCodeCamp/freeCodeCamp,40831640636,WatchEvent,block-firm,2024-08-07 16:52:01+00:00
freeCodeCamp/freeCodeCamp,40831577422,ForkEvent,y19900507,2024-08-07 16:49:43+00:00
freeCodeCamp/freeCodeCamp,40831426725,WatchEvent,FH11111,2024-08-07 16:44:16+00:00
freeCodeCamp/freeCodeCamp,40831408389,ForkEvent,harshitadubey1203,2024-08-07 16:43:35+00:00
freeCodeCamp/freeCodeCamp,40831294007,ForkEvent,ImperatorExterminatus,2024-08-07 16:39:29+00:00
freeCodeCamp/freeCodeCamp,40831293792,ForkEvent,Nordlander1,2024-08-07 16:39:28+00:00
freeCodeCamp/freeCodeCamp,40831293726,ForkEvent,boris-bmm,2024-08-07 16:39:28+00:00
freeCodeCamp/freeCodeCamp,40831172322,ForkEvent,GitHubestudio,2024-08-07 16:35:05+00:00
freeCodeCamp/freeCodeCamp,40831104092,WatchEvent,kkskagvid,2024-08-07 16:32:38+00:00
freeCodeCamp/freeCodeCamp,40830872998,WatchEvent,qpordb,2024-08-07 16:24:42+00:00
freeCodeCamp/freeCodeCamp,40830719762,WatchEvent,CodeGrammer45,2024-08-07 16:19:30+00:00
freeCodeCamp/freeCodeCamp,40830506789,WatchEvent,nashkaka,2024-08-07 16:12:11+00:00
freeCodeCamp/freeCodeCamp,40830307477,WatchEvent,elcblf,2024-08-07 16:05:33+00:00
freeCodeCamp/freeCodeCamp,40830158801,WatchEvent,zytbft,2024-08-07 16:00:43+00:00
freeCodeCamp/freeCodeCamp,40830086645,WatchEvent,maaaashin324,2024-08-07 15:58:27+00:00
freeCodeCamp/freeCodeCamp,40829962156,WatchEvent,icesugarorange,2024-08-07 15:54:25+00:00
freeCodeCamp/freeCodeCamp,40829900573,WatchEvent,Resinanzz,2024-08-07 15:52:29+00:00
freeCodeCamp/freeCodeCamp,40829543668,ForkEvent,nhatpham170,2024-08-07 15:41:13+00:00
freeCodeCamp/freeCodeCamp,40829420727,DeleteEvent,ojeytonwilliams,2024-08-07 15:37:24+00:00
freeCodeCamp/freeCodeCamp,40829419894,PushEvent,ojeytonwilliams,2024-08-07 15:37:22+00:00
freeCodeCamp/freeCodeCamp,40829419635,PullRequestEvent,ojeytonwilliams,2024-08-07 15:37:22+00:00
freeCodeCamp/freeCodeCamp,40829416504,PullRequestReviewEvent,ojeytonwilliams,2024-08-07 15:37:16+00:00
freeCodeCamp/freeCodeCamp,40829372691,WatchEvent,MrNovado,2024-08-07 15:35:55+00:00
freeCodeCamp/freeCodeCamp,40829329203,WatchEvent,AireWisdom,2024-08-07 15:34:35+00:00
freeCodeCamp/freeCodeCamp,40828777893,WatchEvent,JohnJ2004,2024-08-07 15:18:19+00:00
freeCodeCamp/freeCodeCamp,40828723637,PullRequestReviewEvent,moT01,2024-08-07 15:16:45+00:00
freeCodeCamp/freeCodeCamp,40828637798,WatchEvent,Sai1234567890123,2024-08-07 15:14:23+00:00
freeCodeCamp/freeCodeCamp,40828524157,WatchEvent,nusratkhan123-debug,2024-08-07 15:11:12+00:00
freeCodeCamp/freeCodeCamp,40828292897,WatchEvent,EliYuliangChen,2024-08-07 15:04:48+00:00
freeCodeCamp/freeCodeCamp,40828109581,ForkEvent,0718chisato,2024-08-07 14:59:50+00:00
freeCodeCamp/freeCodeCamp,40828070257,WatchEvent,snowwing00,2024-08-07 14:58:44+00:00
freeCodeCamp/freeCodeCamp,40827848290,WatchEvent,hflack89,2024-08-07 14:52:38+00:00
freeCodeCamp/freeCodeCamp,40827669789,WatchEvent,Zywderek,2024-08-07 14:47:46+00:00
freeCodeCamp/freeCodeCamp,40827543528,WatchEvent,MEEDex37,2024-08-07 14:44:23+00:00
freeCodeCamp/freeCodeCamp,40827523115,WatchEvent,arwa-m07,2024-08-07 14:43:50+00:00
freeCodeCamp/freeCodeCamp,40827263914,WatchEvent,Lvxueliang,2024-08-07 14:36:44+00:00
freeCodeCamp/freeCodeCamp,40827253449,WatchEvent,soul2233,2024-08-07 14:36:26+00:00
freeCodeCamp/freeCodeCamp,40827025463,WatchEvent,SamanthaSimba,2024-08-07 14:30:14+00:00
freeCodeCamp/freeCodeCamp,40826931018,WatchEvent,oadluis,2024-08-07 14:27:43+00:00
freeCodeCamp/freeCodeCamp,40826850023,WatchEvent,marchocode,2024-08-07 14:25:38+00:00
freeCodeCamp/freeCodeCamp,40826597168,WatchEvent,qwsapokl,2024-08-07 14:19:16+00:00
freeCodeCamp/freeCodeCamp,40826541371,WatchEvent,changcheng1234,2024-08-07 14:17:47+00:00
freeCodeCamp/freeCodeCamp,40826240623,WatchEvent,SemeiRangel,2024-08-07 14:09:40+00:00
freeCodeCamp/freeCodeCamp,40826186723,WatchEvent,AshleyLavis,2024-08-07 14:08:13+00:00
freeCodeCamp/freeCodeCamp,40826172966,WatchEvent,ALavisNeslo,2024-08-07 14:07:51+00:00
freeCodeCamp/freeCodeCamp,40826026842,WatchEvent,landytwo,2024-08-07 14:03:59+00:00
freeCodeCamp/freeCodeCamp,40825974080,WatchEvent,chriscastroep,2024-08-07 14:02:39+00:00
freeCodeCamp/freeCodeCamp,40825676684,WatchEvent,firstofzen,2024-08-07 13:54:50+00:00
freeCodeCamp/freeCodeCamp,40825583076,WatchEvent,erzachn,2024-08-07 13:52:22+00:00
freeCodeCamp/freeCodeCamp,40825563475,WatchEvent,Emd-bit,2024-08-07 13:51:51+00:00
freeCodeCamp/freeCodeCamp,40825420966,ForkEvent,10GTOWN10,2024-08-07 13:48:05+00:00
freeCodeCamp/freeCodeCamp,40824850083,WatchEvent,ParanKabiththanan,2024-08-07 13:32:31+00:00
freeCodeCamp/freeCodeCamp,40824836233,WatchEvent,ab-graphic,2024-08-07 13:32:08+00:00
freeCodeCamp/freeCodeCamp,40824584838,WatchEvent,heyihuang826,2024-08-07 13:25:19+00:00
freeCodeCamp/freeCodeCamp,40824539701,WatchEvent,Nkovaturient,2024-08-07 13:24:09+00:00
freeCodeCamp/freeCodeCamp,40824527175,WatchEvent,liphan99,2024-08-07 13:23:50+00:00
freeCodeCamp/freeCodeCamp,40824514160,WatchEvent,saviork,2024-08-07 13:23:29+00:00
freeCodeCamp/freeCodeCamp,40824404307,WatchEvent,adianshizuma,2024-08-07 13:20:30+00:00
freeCodeCamp/freeCodeCamp,40824365911,WatchEvent,adianshizuma,2024-08-07 13:19:29+00:00
freeCodeCamp/freeCodeCamp,40824272848,ForkEvent,sumukhj1219,2024-08-07 13:16:58+00:00
freeCodeCamp/freeCodeCamp,40824045148,WatchEvent,mebzzz,2024-08-07 13:10:49+00:00
freeCodeCamp/freeCodeCamp,40824038193,IssueCommentEvent,AKRAM-2002,2024-08-07 13:10:38+00:00
freeCodeCamp/freeCodeCamp,40823648328,PullRequestReviewEvent,gikf,2024-08-07 13:00:09+00:00
freeCodeCamp/freeCodeCamp,40823636630,WatchEvent,ger-mancho,2024-08-07 12:59:51+00:00
freeCodeCamp/freeCodeCamp,40823486216,WatchEvent,ogoudron,2024-08-07 12:55:52+00:00
freeCodeCamp/freeCodeCamp,40823406282,WatchEvent,Ai-1203,2024-08-07 12:53:39+00:00
freeCodeCamp/freeCodeCamp,40823227494,WatchEvent,kaushalkdev,2024-08-07 12:48:47+00:00
freeCodeCamp/freeCodeCamp,40823186331,WatchEvent,HackerBoiiFive,2024-08-07 12:47:44+00:00
freeCodeCamp/freeCodeCamp,40823006036,WatchEvent,jinyanlong1986,2024-08-07 12:42:29+00:00
freeCodeCamp/freeCodeCamp,40822884674,IssueCommentEvent,zairahira,2024-08-07 12:38:55+00:00
freeCodeCamp/freeCodeCamp,40822851136,PullRequestEvent,ilkataa10,2024-08-07 12:37:57+00:00
freeCodeCamp/freeCodeCamp,40822813715,PullRequestEvent,ilkataa10,2024-08-07 12:36:52+00:00
freeCodeCamp/freeCodeCamp,40822766088,WatchEvent,nietzsche1983,2024-08-07 12:35:27+00:00
freeCodeCamp/freeCodeCamp,40822748470,WatchEvent,KyleMit,2024-08-07 12:34:58+00:00
freeCodeCamp/freeCodeCamp,40822727983,ForkEvent,peterrbarros17,2024-08-07 12:34:22+00:00
freeCodeCamp/freeCodeCamp,40822593007,WatchEvent,chang4n,2024-08-07 12:30:33+00:00
freeCodeCamp/freeCodeCamp,40822504483,WatchEvent,waitingfly-ljh,2024-08-07 12:28:02+00:00
freeCodeCamp/freeCodeCamp,40822450381,WatchEvent,serjlc,2024-08-07 12:26:28+00:00
freeCodeCamp/freeCodeCamp,40822273043,WatchEvent,Zhou7D663,2024-08-07 12:21:16+00:00
freeCodeCamp/freeCodeCamp,40822270195,WatchEvent,Zhou7D663,2024-08-07 12:21:11+00:00
freeCodeCamp/freeCodeCamp,40822188790,WatchEvent,Krikurzkat,2024-08-07 12:18:47+00:00
freeCodeCamp/freeCodeCamp,40822144582,WatchEvent,gabaci72,2024-08-07 12:17:28+00:00
freeCodeCamp/freeCodeCamp,40822135036,ForkEvent,udid123,2024-08-07 12:17:11+00:00
freeCodeCamp/freeCodeCamp,40822071395,WatchEvent,Mong0h4x,2024-08-07 12:15:18+00:00
freeCodeCamp/freeCodeCamp,40821840020,WatchEvent,jamestaylortds,2024-08-07 12:08:20+00:00
freeCodeCamp/freeCodeCamp,40821751704,IssueCommentEvent,codewithtyler,2024-08-07 12:05:36+00:00
freeCodeCamp/freeCodeCamp,40821671392,WatchEvent,Oronsaye-Destiny,2024-08-07 12:03:03+00:00
freeCodeCamp/freeCodeCamp,40821646670,WatchEvent,Attempt123,2024-08-07 12:02:15+00:00
freeCodeCamp/freeCodeCamp,40821612078,WatchEvent,Happysong998,2024-08-07 12:01:11+00:00
freeCodeCamp/freeCodeCamp,40821262453,IssueCommentEvent,AbdulMuqsit112,2024-08-07 11:49:46+00:00
freeCodeCamp/freeCodeCamp,40821220030,WatchEvent,aretic,2024-08-07 11:48:22+00:00
freeCodeCamp/freeCodeCamp,40820682014,WatchEvent,VulpesFerrilata,2024-08-07 11:30:12+00:00
freeCodeCamp/freeCodeCamp,40820661603,WatchEvent,EsmiK64,2024-08-07 11:29:32+00:00
freeCodeCamp/freeCodeCamp,40820545446,WatchEvent,EssiJunior,2024-08-07 11:25:39+00:00
freeCodeCamp/freeCodeCamp,40820453409,WatchEvent,Frank-art-vs,2024-08-07 11:22:34+00:00
freeCodeCamp/freeCodeCamp,40820433808,WatchEvent,FrankCui713,2024-08-07 11:21:55+00:00
freeCodeCamp/freeCodeCamp,40820276851,WatchEvent,2363186247,2024-08-07 11:16:42+00:00
freeCodeCamp/freeCodeCamp,40820180004,WatchEvent,FengJunJian,2024-08-07 11:13:34+00:00
freeCodeCamp/freeCodeCamp,40820148963,WatchEvent,hdanur1,2024-08-07 11:12:33+00:00
freeCodeCamp/freeCodeCamp,40820133670,WatchEvent,Filip3Owl,2024-08-07 11:12:03+00:00
freeCodeCamp/freeCodeCamp,40819902313,ForkEvent,Ksofiya89,2024-08-07 11:04:23+00:00
freeCodeCamp/freeCodeCamp,40819684816,WatchEvent,Marisa-Pd,2024-08-07 10:57:18+00:00
freeCodeCamp/freeCodeCamp,40819594404,WatchEvent,Diju2,2024-08-07 10:54:13+00:00
freeCodeCamp/freeCodeCamp,40819533686,ForkEvent,Praveen-Kumar1011,2024-08-07 10:52:14+00:00
freeCodeCamp/freeCodeCamp,40819509797,ForkEvent,halala1,2024-08-07 10:51:27+00:00
freeCodeCamp/freeCodeCamp,40819460867,WatchEvent,halala1,2024-08-07 10:49:51+00:00
freeCodeCamp/freeCodeCamp,40819408710,ForkEvent,abitclose,2024-08-07 10:48:06+00:00
freeCodeCamp/freeCodeCamp,40819407728,IssueCommentEvent,ojeytonwilliams,2024-08-07 10:48:04+00:00
freeCodeCamp/freeCodeCamp,40819406070,WatchEvent,abitclose,2024-08-07 10:48:00+00:00
freeCodeCamp/freeCodeCamp,40819246977,WatchEvent,guitarprogrammer,2024-08-07 10:42:42+00:00
freeCodeCamp/freeCodeCamp,40818225105,WatchEvent,MM333123,2024-08-07 10:10:31+00:00
freeCodeCamp/freeCodeCamp,40818086565,WatchEvent,LucioSunj,2024-08-07 10:06:15+00:00
freeCodeCamp/freeCodeCamp,40817835402,WatchEvent,ziye379,2024-08-07 09:58:50+00:00
freeCodeCamp/freeCodeCamp,40817539547,ForkEvent,joker1396,2024-08-07 09:50:01+00:00
freeCodeCamp/freeCodeCamp,40817375695,ForkEvent,saidsabry131,2024-08-07 09:45:08+00:00
freeCodeCamp/freeCodeCamp,40817098026,WatchEvent,Yousif-Abuzeid,2024-08-07 09:36:54+00:00
freeCodeCamp/freeCodeCamp,40816995910,WatchEvent,tyza66,2024-08-07 09:33:50+00:00
freeCodeCamp/freeCodeCamp,40816895812,WatchEvent,heyline,2024-08-07 09:30:58+00:00
freeCodeCamp/freeCodeCamp,40816881404,WatchEvent,Earlpride,2024-08-07 09:30:33+00:00
freeCodeCamp/freeCodeCamp,40816849036,WatchEvent,XZVL1,2024-08-07 09:29:36+00:00
freeCodeCamp/freeCodeCamp,40816684986,WatchEvent,liuke1993,2024-08-07 09:24:42+00:00
freeCodeCamp/freeCodeCamp,40816423839,WatchEvent,Funky722,2024-08-07 09:17:07+00:00
freeCodeCamp/freeCodeCamp,40816330446,WatchEvent,0xyangl,2024-08-07 09:14:28+00:00
freeCodeCamp/freeCodeCamp,40816157601,PullRequestReviewEvent,ShaunSHamilton,2024-08-07 09:09:29+00:00
freeCodeCamp/freeCodeCamp,40815926123,WatchEvent,qcjjsyx,2024-08-07 09:02:38+00:00
freeCodeCamp/freeCodeCamp,40815599533,WatchEvent,Lineark,2024-08-07 08:53:05+00:00
freeCodeCamp/freeCodeCamp,40815457215,WatchEvent,chrizz92,2024-08-07 08:48:55+00:00
freeCodeCamp/freeCodeCamp,40815425186,WatchEvent,chlhyuan,2024-08-07 08:47:58+00:00
freeCodeCamp/freeCodeCamp,40815152891,ForkEvent,jyotimane2705,2024-08-07 08:39:57+00:00
freeCodeCamp/freeCodeCamp,40815144777,WatchEvent,huibati,2024-08-07 08:39:44+00:00
freeCodeCamp/freeCodeCamp,40814872665,WatchEvent,saidsabry131,2024-08-07 08:31:25+00:00
freeCodeCamp/freeCodeCamp,40814857468,WatchEvent,clifforc,2024-08-07 08:30:58+00:00
freeCodeCamp/freeCodeCamp,40814774480,WatchEvent,SEmohamedAhmed,2024-08-07 08:28:31+00:00
freeCodeCamp/freeCodeCamp,40813683368,WatchEvent,sahilbhuvad,2024-08-07 07:54:44+00:00
freeCodeCamp/freeCodeCamp,40813317517,WatchEvent,MikelBuilds,2024-08-07 07:43:02+00:00
freeCodeCamp/freeCodeCamp,40813027821,WatchEvent,izaka,2024-08-07 07:33:15+00:00
freeCodeCamp/freeCodeCamp,40812941068,WatchEvent,frp1992,2024-08-07 07:30:20+00:00
freeCodeCamp/freeCodeCamp,40812760022,WatchEvent,joelfrancis8900,2024-08-07 07:24:17+00:00
freeCodeCamp/freeCodeCamp,40812686842,WatchEvent,mohamed-abdelkader4,2024-08-07 07:21:48+00:00
freeCodeCamp/freeCodeCamp,40812514768,WatchEvent,Reddz770,2024-08-07 07:15:47+00:00
freeCodeCamp/freeCodeCamp,40812393853,IssueCommentEvent,gikf,2024-08-07 07:11:36+00:00
freeCodeCamp/freeCodeCamp,40812393629,PullRequestEvent,gikf,2024-08-07 07:11:36+00:00
freeCodeCamp/freeCodeCamp,40812370317,WatchEvent,fengwanliuxiang,2024-08-07 07:10:47+00:00
freeCodeCamp/freeCodeCamp,40812316189,WatchEvent,8340in,2024-08-07 07:08:54+00:00
freeCodeCamp/freeCodeCamp,40812247978,WatchEvent,Byzhazha,2024-08-07 07:06:29+00:00
freeCodeCamp/freeCodeCamp,40812145502,WatchEvent,TTJTR,2024-08-07 07:02:47+00:00
freeCodeCamp/freeCodeCamp,40811886445,ForkEvent,senopaul,2024-08-07 06:53:18+00:00
freeCodeCamp/freeCodeCamp,40811886230,WatchEvent,VishalCodeDeveloper,2024-08-07 06:53:17+00:00
freeCodeCamp/freeCodeCamp,40811840281,WatchEvent,VertinisZero,2024-08-07 06:51:33+00:00
freeCodeCamp/freeCodeCamp,40811814114,WatchEvent,Tora0226,2024-08-07 06:50:33+00:00
freeCodeCamp/freeCodeCamp,40811756150,WatchEvent,YcmBnDM,2024-08-07 06:48:23+00:00
freeCodeCamp/freeCodeCamp,40811699080,WatchEvent,BH5890,2024-08-07 06:46:11+00:00
freeCodeCamp/freeCodeCamp,40811643571,WatchEvent,anzhizecheng,2024-08-07 06:44:03+00:00
freeCodeCamp/freeCodeCamp,40811628060,PullRequestEvent,ojeytonwilliams,2024-08-07 06:43:25+00:00
freeCodeCamp/freeCodeCamp,40811524472,WatchEvent,vivekagarwal277,2024-08-07 06:39:18+00:00
freeCodeCamp/freeCodeCamp,40811507522,WatchEvent,Christinan3,2024-08-07 06:38:38+00:00
freeCodeCamp/freeCodeCamp,40811456614,WatchEvent,Neatsuki,2024-08-07 06:36:34+00:00
freeCodeCamp/freeCodeCamp,40811310439,WatchEvent,caitscash,2024-08-07 06:30:38+00:00
freeCodeCamp/freeCodeCamp,40811140762,WatchEvent,MarriedwithHuang,2024-08-07 06:23:55+00:00
freeCodeCamp/freeCodeCamp,40810925309,PullRequestEvent,devkthines,2024-08-07 06:15:08+00:00
freeCodeCamp/freeCodeCamp,40810923372,ForkEvent,devkthines,2024-08-07 06:15:03+00:00
freeCodeCamp/freeCodeCamp,40810914902,WatchEvent,Dcgujjar9,2024-08-07 06:14:41+00:00
freeCodeCamp/freeCodeCamp,40810507890,WatchEvent,zetwing,2024-08-07 05:56:18+00:00
freeCodeCamp/freeCodeCamp,40810469060,WatchEvent,Volit10n,2024-08-07 05:54:22+00:00
freeCodeCamp/freeCodeCamp,40810465922,WatchEvent,javawhit,2024-08-07 05:54:12+00:00
freeCodeCamp/freeCodeCamp,40810454990,IssueCommentEvent,ojeytonwilliams,2024-08-07 05:53:39+00:00
freeCodeCamp/freeCodeCamp,40810393806,WatchEvent,kingpoem,2024-08-07 05:50:33+00:00
freeCodeCamp/freeCodeCamp,40810327861,WatchEvent,woshixiaoguo,2024-08-07 05:47:15+00:00
freeCodeCamp/freeCodeCamp,40810296462,ForkEvent,TofikE124,2024-08-07 05:45:38+00:00
freeCodeCamp/freeCodeCamp,40810243867,WatchEvent,psithursim,2024-08-07 05:42:53+00:00
freeCodeCamp/freeCodeCamp,40810179529,WatchEvent,WillowWithSun,2024-08-07 05:39:30+00:00
freeCodeCamp/freeCodeCamp,40810169114,WatchEvent,zozlder,2024-08-07 05:38:56+00:00
freeCodeCamp/freeCodeCamp,40810111275,WatchEvent,Nikubread,2024-08-07 05:35:55+00:00
freeCodeCamp/freeCodeCamp,40810102595,PullRequestEvent,TofikE124,2024-08-07 05:35:27+00:00
freeCodeCamp/freeCodeCamp,40810004480,WatchEvent,feisuo,2024-08-07 05:30:07+00:00
freeCodeCamp/freeCodeCamp,40809998676,PullRequestEvent,TofikE124,2024-08-07 05:29:50+00:00
freeCodeCamp/freeCodeCamp,40809995673,PullRequestEvent,TofikE124,2024-08-07 05:29:40+00:00
freeCodeCamp/freeCodeCamp,40809993670,WatchEvent,PyaePhyomm,2024-08-07 05:29:34+00:00
freeCodeCamp/freeCodeCamp,40809924580,WatchEvent,ahmedsaifs,2024-08-07 05:26:02+00:00
freeCodeCamp/freeCodeCamp,40809921257,PushEvent,raisedadead,2024-08-07 05:25:53+00:00
freeCodeCamp/freeCodeCamp,40809921306,PushEvent,raisedadead,2024-08-07 05:25:53+00:00
freeCodeCamp/freeCodeCamp,40809892181,PullRequestEvent,TofikE124,2024-08-07 05:24:30+00:00
freeCodeCamp/freeCodeCamp,40809872829,WatchEvent,F-chu,2024-08-07 05:23:34+00:00
freeCodeCamp/freeCodeCamp,40809846759,WatchEvent,Sophomoresty,2024-08-07 05:22:20+00:00
freeCodeCamp/freeCodeCamp,40809846243,WatchEvent,codor,2024-08-07 05:22:18+00:00
freeCodeCamp/freeCodeCamp,40809803229,WatchEvent,YASO-DAI,2024-08-07 05:20:11+00:00
freeCodeCamp/freeCodeCamp,40809735121,ForkEvent,WanYixian,2024-08-07 05:16:32+00:00
freeCodeCamp/freeCodeCamp,40809734538,WatchEvent,yagmurdal,2024-08-07 05:16:30+00:00
freeCodeCamp/freeCodeCamp,40809731037,WatchEvent,teelbo,2024-08-07 05:16:19+00:00
freeCodeCamp/freeCodeCamp,40809725224,WatchEvent,erebussy,2024-08-07 05:16:00+00:00
freeCodeCamp/freeCodeCamp,40809723872,WatchEvent,WanYixian,2024-08-07 05:15:56+00:00
freeCodeCamp/freeCodeCamp,40809684351,WatchEvent,adntian,2024-08-07 05:13:43+00:00
freeCodeCamp/freeCodeCamp,40809616690,WatchEvent,liuqiang0706,2024-08-07 05:09:55+00:00
freeCodeCamp/freeCodeCamp,40809499845,WatchEvent,HouJinghao,2024-08-07 05:03:11+00:00
freeCodeCamp/freeCodeCamp,40809375280,ForkEvent,changshunmin,2024-08-07 04:55:45+00:00
freeCodeCamp/freeCodeCamp,40809271595,WatchEvent,No7ares,2024-08-07 04:49:39+00:00
freeCodeCamp/freeCodeCamp,40809163913,WatchEvent,XiaoDaoJiang,2024-08-07 04:43:07+00:00
freeCodeCamp/freeCodeCamp,40808889385,WatchEvent,Wxn888,2024-08-07 04:26:01+00:00
freeCodeCamp/freeCodeCamp,40808577609,ForkEvent,TofikE124,2024-08-07 04:05:45+00:00
freeCodeCamp/freeCodeCamp,40808522416,ForkEvent,AhmedElshikh3,2024-08-07 04:01:58+00:00
freeCodeCamp/freeCodeCamp,40808338441,WatchEvent,wuhua0871,2024-08-07 03:49:15+00:00
freeCodeCamp/freeCodeCamp,40808237343,IssuesEvent,jdwilkin4,2024-08-07 03:42:06+00:00
freeCodeCamp/freeCodeCamp,40808237290,PushEvent,jdwilkin4,2024-08-07 03:42:06+00:00
freeCodeCamp/freeCodeCamp,40808237180,PullRequestEvent,jdwilkin4,2024-08-07 03:42:05+00:00
freeCodeCamp/freeCodeCamp,40808232158,PullRequestReviewEvent,jdwilkin4,2024-08-07 03:41:44+00:00
freeCodeCamp/freeCodeCamp,40808215616,IssuesEvent,jdwilkin4,2024-08-07 03:40:35+00:00
freeCodeCamp/freeCodeCamp,40808215569,PushEvent,jdwilkin4,2024-08-07 03:40:35+00:00
freeCodeCamp/freeCodeCamp,40808215476,PullRequestEvent,jdwilkin4,2024-08-07 03:40:35+00:00
freeCodeCamp/freeCodeCamp,40808213427,PullRequestReviewEvent,jdwilkin4,2024-08-07 03:40:26+00:00
freeCodeCamp/freeCodeCamp,40808206850,PullRequestEvent,jdwilkin4,2024-08-07 03:40:00+00:00
freeCodeCamp/freeCodeCamp,40808206949,PushEvent,jdwilkin4,2024-08-07 03:40:00+00:00
freeCodeCamp/freeCodeCamp,40808205325,PullRequestReviewEvent,jdwilkin4,2024-08-07 03:39:53+00:00
freeCodeCamp/freeCodeCamp,40808197305,PullRequestEvent,jdwilkin4,2024-08-07 03:39:20+00:00
freeCodeCamp/freeCodeCamp,40808197453,PushEvent,jdwilkin4,2024-08-07 03:39:20+00:00
freeCodeCamp/freeCodeCamp,40808197505,IssuesEvent,jdwilkin4,2024-08-07 03:39:20+00:00
freeCodeCamp/freeCodeCamp,40808193953,PullRequestReviewEvent,jdwilkin4,2024-08-07 03:39:06+00:00
freeCodeCamp/freeCodeCamp,40808149248,WatchEvent,GiovanyH,2024-08-07 03:36:01+00:00
freeCodeCamp/freeCodeCamp,40807960285,WatchEvent,8424WaterMelon,2024-08-07 03:23:42+00:00
freeCodeCamp/freeCodeCamp,40807686532,WatchEvent,ToAdventure,2024-08-07 03:05:33+00:00
freeCodeCamp/freeCodeCamp,40807683395,ForkEvent,ToAdventure,2024-08-07 03:05:20+00:00
freeCodeCamp/freeCodeCamp,40807425057,WatchEvent,user-tony,2024-08-07 02:48:10+00:00
freeCodeCamp/freeCodeCamp,40807318260,ForkEvent,GergMedina,2024-08-07 02:40:47+00:00
freeCodeCamp/freeCodeCamp,40807166395,WatchEvent,2424842693,2024-08-07 02:30:37+00:00
freeCodeCamp/freeCodeCamp,40807091983,WatchEvent,SketchySR,2024-08-07 02:25:35+00:00
freeCodeCamp/freeCodeCamp,40806915449,WatchEvent,jdrumheller,2024-08-07 02:14:01+00:00
freeCodeCamp/freeCodeCamp,40806885193,WatchEvent,janckerchen,2024-08-07 02:12:15+00:00
freeCodeCamp/freeCodeCamp,40806883811,ForkEvent,WJYM,2024-08-07 02:12:11+00:00
freeCodeCamp/freeCodeCamp,40806785763,WatchEvent,Tiamogroup,2024-08-07 02:06:49+00:00
freeCodeCamp/freeCodeCamp,40806697758,WatchEvent,xxx-sj,2024-08-07 02:01:05+00:00
freeCodeCamp/freeCodeCamp,40806612259,WatchEvent,gejz,2024-08-07 01:55:42+00:00
freeCodeCamp/freeCodeCamp,40806499449,WatchEvent,Undeadrk,2024-08-07 01:48:32+00:00
freeCodeCamp/freeCodeCamp,40806339900,WatchEvent,Sheamus2340,2024-08-07 01:37:39+00:00
freeCodeCamp/freeCodeCamp,40806231956,WatchEvent,strada20,2024-08-07 01:30:34+00:00
freeCodeCamp/freeCodeCamp,40806110047,WatchEvent,LiuXiaoyang27,2024-08-07 01:22:16+00:00
freeCodeCamp/freeCodeCamp,40806074952,ForkEvent,siwenbailei,2024-08-07 01:19:54+00:00
freeCodeCamp/freeCodeCamp,40805883104,WatchEvent,sobermh,2024-08-07 01:07:19+00:00
freeCodeCamp/freeCodeCamp,40805855411,WatchEvent,fchristiansen,2024-08-07 01:05:34+00:00
freeCodeCamp/freeCodeCamp,40805740330,ForkEvent,Dainch,2024-08-07 00:58:10+00:00
freeCodeCamp/freeCodeCamp,40805724324,WatchEvent,FishpondKing,2024-08-07 00:57:05+00:00
freeCodeCamp/freeCodeCamp,40805676148,WatchEvent,shoyab778,2024-08-07 00:53:47+00:00
freeCodeCamp/freeCodeCamp,40805652820,WatchEvent,slriam,2024-08-07 00:52:08+00:00
freeCodeCamp/freeCodeCamp,40805576097,ForkEvent,suikaran,2024-08-07 00:46:38+00:00
freeCodeCamp/freeCodeCamp,40805510265,WatchEvent,ghrejoe,2024-08-07 00:42:02+00:00
freeCodeCamp/freeCodeCamp,40805503058,WatchEvent,1801263919,2024-08-07 00:41:31+00:00
freeCodeCamp/freeCodeCamp,40805430852,WatchEvent,ChaoLeWeiSi,2024-08-07 00:36:43+00:00
freeCodeCamp/freeCodeCamp,40805408407,WatchEvent,mickeyhub,2024-08-07 00:35:11+00:00
freeCodeCamp/freeCodeCamp,40805082171,IssueCommentEvent,AbdulMuqsit112,2024-08-07 00:13:22+00:00
freeCodeCamp/freeCodeCamp,40804633960,PullRequestEvent,AbdulMuqsit112,2024-08-06 23:41:59+00:00
freeCodeCamp/freeCodeCamp,40804418205,WatchEvent,AF9502,2024-08-06 23:26:37+00:00
freeCodeCamp/freeCodeCamp,40804398834,ForkEvent,SergioDenis-AR,2024-08-06 23:25:17+00:00
freeCodeCamp/freeCodeCamp,40804233406,WatchEvent,TalhaaSaeed,2024-08-06 23:13:51+00:00
freeCodeCamp/freeCodeCamp,40803971053,WatchEvent,gemini-trek,2024-08-06 22:56:37+00:00
freeCodeCamp/freeCodeCamp,40803499605,ForkEvent,AbdulMuqsit112,2024-08-06 22:26:57+00:00
freeCodeCamp/freeCodeCamp,40803259907,WatchEvent,BenFromHRBUST,2024-08-06 22:14:19+00:00
freeCodeCamp/freeCodeCamp,40803101623,IssueCommentEvent,tusharkaran,2024-08-06 22:05:38+00:00
freeCodeCamp/freeCodeCamp,40803093186,PullRequestEvent,ojeytonwilliams,2024-08-06 22:05:12+00:00
freeCodeCamp/freeCodeCamp,40803093397,PushEvent,ojeytonwilliams,2024-08-06 22:05:12+00:00
freeCodeCamp/freeCodeCamp,40802909564,WatchEvent,rahaftiya11,2024-08-06 21:55:22+00:00
freeCodeCamp/freeCodeCamp,40802854766,IssueCommentEvent,camper-chan[bot],2024-08-06 21:52:29+00:00
freeCodeCamp/freeCodeCamp,40802759051,WatchEvent,hongliangW,2024-08-06 21:47:42+00:00
freeCodeCamp/freeCodeCamp,40802703444,IssueCommentEvent,tusharkaran,2024-08-06 21:44:52+00:00
freeCodeCamp/freeCodeCamp,40802668438,WatchEvent,mentalfestas,2024-08-06 21:43:03+00:00
freeCodeCamp/freeCodeCamp,40802561977,WatchEvent,bilal-nabil11,2024-08-06 21:37:38+00:00
freeCodeCamp/freeCodeCamp,40802491613,WatchEvent,XOR8ART,2024-08-06 21:34:07+00:00
freeCodeCamp/freeCodeCamp,40802423741,PullRequestEvent,camper-chan[bot],2024-08-06 21:30:47+00:00
freeCodeCamp/freeCodeCamp,40802423373,IssueCommentEvent,camper-chan[bot],2024-08-06 21:30:46+00:00
freeCodeCamp/freeCodeCamp,40802420115,WatchEvent,ElSanteel,2024-08-06 21:30:37+00:00
freeCodeCamp/freeCodeCamp,40802161052,WatchEvent,shawtom,2024-08-06 21:18:10+00:00
freeCodeCamp/freeCodeCamp,40801874458,ForkEvent,sesha-vignesh,2024-08-06 21:05:37+00:00
freeCodeCamp/freeCodeCamp,40801682659,WatchEvent,lguoca,2024-08-06 20:57:38+00:00
freeCodeCamp/freeCodeCamp,40801414111,WatchEvent,ohusq,2024-08-06 20:46:30+00:00
freeCodeCamp/freeCodeCamp,40800984285,WatchEvent,sssssalad,2024-08-06 20:28:58+00:00
freeCodeCamp/freeCodeCamp,40800983253,WatchEvent,sssssalad,2024-08-06 20:28:55+00:00
